index,btor_time,real,status,sys,user
ldv-cat-0000.c.ite.gsa.smt2,0.0,0.0,sat,0.0,0.0
ldv-cat-0000.c.ite.phi.smt2,0.0,0.0,sat,0.0,0.0
ldv-cat-0000.c.noite.gsa.smt2,0.0,0.0,sat,0.0,0.0
ldv-cat-0000.c.noite.phi.smt2,0.0,0.0,sat,0.0,0.0
ldv-cat-0001.c.ite.gsa.smt2,,0.0,unknown,0.0,0.0
ldv-cat-0001.c.ite.phi.smt2,,0.0,unknown,0.0,0.0
ldv-cat-0001.c.noite.gsa.smt2,,0.0,unknown,0.0,0.0
ldv-cat-0001.c.noite.phi.smt2,,0.0,unknown,0.0,0.0
ldv-cat-0002.c.ite.gsa.smt2,,0.0,unsat,0.0,0.0
ldv-cat-0002.c.ite.phi.smt2,,0.0,unsat,0.0,0.0
ldv-cat-0002.c.noite.gsa.smt2,,0.0,unsat,0.0,0.0
ldv-cat-0002.c.noite.phi.smt2,,0.0,unsat,0.0,0.0
ldv-cat-0003.c.ite.gsa.smt2,,0.0,unknown,0.0,0.0
ldv-cat-0003.c.ite.phi.smt2,,0.0,unknown,0.0,0.0
ldv-cat-0003.c.noite.gsa.smt2,,0.0,unknown,0.0,0.0
ldv-cat-0003.c.noite.phi.smt2,,0.0,unknown,0.0,0.0
ldv-cat-0004.c.ite.gsa.smt2,,0.0,unsat,0.0,0.0
ldv-cat-0004.c.ite.phi.smt2,,0.0,unsat,0.0,0.0
ldv-cat-0004.c.noite.gsa.smt2,,0.0,unsat,0.0,0.0
ldv-cat-0004.c.noite.phi.smt2,,0.0,unsat,0.0,0.0
ldv-cat-0005.c.ite.gsa.smt2,,0.01,unsat,0.0,0.01
ldv-cat-0005.c.ite.phi.smt2,,0.01,unsat,0.0,0.01
ldv-cat-0005.c.noite.gsa.smt2,,0.01,unsat,0.0,0.01
ldv-cat-0005.c.noite.phi.smt2,,0.01,unsat,0.0,0.01
ldv-cat-0006.c.ite.gsa.smt2,,0.0,unknown,0.0,0.0
ldv-cat-0006.c.ite.phi.smt2,,0.0,unknown,0.0,0.0
ldv-cat-0006.c.noite.gsa.smt2,,0.0,unknown,0.0,0.0
ldv-cat-0006.c.noite.phi.smt2,,0.0,unknown,0.0,0.0
ldv-cat-0007.c.ite.gsa.smt2,,0.01,unsat,0.0,0.01
ldv-cat-0007.c.ite.phi.smt2,,0.01,unsat,0.0,0.01
ldv-cat-0007.c.noite.gsa.smt2,,0.01,unsat,0.0,0.01
ldv-cat-0007.c.noite.phi.smt2,,0.01,unsat,0.0,0.01
ldv-cat-0008.c.ite.gsa.smt2,,0.05,unsat,0.0,0.04
ldv-cat-0008.c.ite.phi.smt2,,0.07,unsat,0.0,0.07
ldv-cat-0008.c.noite.gsa.smt2,,0.06,unsat,0.0,0.06
ldv-cat-0008.c.noite.phi.smt2,,0.06,unsat,0.0,0.06
ldv-cat-0009.c.ite.gsa.smt2,1.2,1.31,sat,0.01,1.3
ldv-cat-0009.c.ite.phi.smt2,0.8,0.83,sat,0.01,0.82
ldv-cat-0009.c.noite.gsa.smt2,0.8,0.84,sat,0.0,0.83
ldv-cat-0009.c.noite.phi.smt2,0.8,0.89,sat,0.02,0.87
ldv-cat-0010.c.ite.gsa.smt2,,0.01,unknown,0.0,0.01
ldv-cat-0010.c.ite.phi.smt2,,0.0,unknown,0.0,0.0
ldv-cat-0010.c.noite.gsa.smt2,,0.01,unknown,0.0,0.01
ldv-cat-0010.c.noite.phi.smt2,,0.0,unknown,0.0,0.0
ldv-cat-0011.c.ite.gsa.smt2,1.6,1.91,unsat,0.03,1.87
ldv-cat-0011.c.ite.phi.smt2,9.3,10.08,unsat,0.09,9.99
ldv-cat-0011.c.noite.gsa.smt2,2.5,2.89,unsat,0.03,2.86
ldv-cat-0011.c.noite.phi.smt2,35.5,38.02,unsat,0.69,37.32
ldv-cat-0012.c.ite.gsa.smt2,2.6,3.0,unsat,0.04,2.95
ldv-cat-0012.c.ite.phi.smt2,3.8,4.34,unsat,0.04,4.3
ldv-cat-0012.c.noite.gsa.smt2,2.9,3.26,unsat,0.05,3.21
ldv-cat-0012.c.noite.phi.smt2,6.2,7.35,unsat,0.14,7.21
ldv-cat-0013.i.ite.gsa.smt2,1.6,1.84,unsat,0.03,1.81
ldv-cat-0013.i.ite.phi.smt2,1.6,1.84,unsat,0.03,1.81
ldv-cat-0013.i.noite.gsa.smt2,1.6,1.83,unsat,0.03,1.79
ldv-cat-0013.i.noite.phi.smt2,812.1,930.02,unknown,8.12,921.89
ldv-cat-0014.c.ite.gsa.smt2,14.7,17.76,unsat,0.1,17.65
ldv-cat-0014.c.ite.phi.smt2,9.9,11.04,unsat,0.11,10.93
ldv-cat-0014.c.noite.gsa.smt2,8.5,9.98,unsat,0.1,9.87
ldv-cat-0014.c.noite.phi.smt2,550.0,555.63,unsat,6.69,548.93
ldv-cat-0015.c.ite.gsa.smt2,193.6,218.06,unsat,0.63,217.42
ldv-cat-0015.c.ite.phi.smt2,9.4,10.49,unsat,0.22,10.27
ldv-cat-0015.c.noite.gsa.smt2,197.1,221.09,unsat,0.79,220.29
ldv-cat-0015.c.noite.phi.smt2,41.4,43.89,unsat,0.99,42.9
ldv-cat-0016.c.ite.gsa.smt2,1.9,2.25,sat,0.04,2.2
ldv-cat-0016.c.ite.phi.smt2,1.8,2.11,sat,0.04,2.06
ldv-cat-0016.c.noite.gsa.smt2,2.8,3.2,sat,0.05,3.14
ldv-cat-0016.c.noite.phi.smt2,107.8,109.48,sat,0.69,108.79
ldv-cat-0017.c.ite.gsa.smt2,10.9,11.85,unsat,0.21,11.63
ldv-cat-0017.c.ite.phi.smt2,10.7,11.64,unsat,0.22,11.41
ldv-cat-0017.c.noite.gsa.smt2,11.7,12.78,unsat,0.19,12.58
ldv-cat-0017.c.noite.phi.smt2,210.2,213.01,unsat,2.47,210.53
ldv-cat-0018.c.ite.gsa.smt2,,0.02,unknown,0.0,0.02
ldv-cat-0018.c.ite.phi.smt2,,0.02,unknown,0.0,0.02
ldv-cat-0018.c.noite.gsa.smt2,,0.03,unknown,0.0,0.02
ldv-cat-0018.c.noite.phi.smt2,,0.02,unknown,0.0,0.02
ldv-cat-0019.i.ite.gsa.smt2,0.6,0.8,unsat,0.05,0.75
ldv-cat-0019.i.ite.phi.smt2,0.5,0.71,unsat,0.04,0.66
ldv-cat-0019.i.noite.gsa.smt2,0.5,0.72,unsat,0.04,0.68
ldv-cat-0019.i.noite.phi.smt2,0.8,1.28,unsat,0.09,1.19
ldv-cat-0020.c.ite.gsa.smt2,5.9,7.03,unsat,0.1,6.92
ldv-cat-0020.c.ite.phi.smt2,,0.5,unsat,0.02,0.47
ldv-cat-0020.c.noite.gsa.smt2,5.8,7.23,unsat,0.11,7.11
ldv-cat-0020.c.noite.phi.smt2,99.6,106.84,unsat,3.89,102.94
ldv-cat-0021.c.ite.gsa.smt2,1.2,1.44,sat,0.02,1.41
ldv-cat-0021.c.ite.phi.smt2,0.9,1.08,sat,0.01,1.07
ldv-cat-0021.c.noite.gsa.smt2,1.3,1.63,sat,0.02,1.6
ldv-cat-0021.c.noite.phi.smt2,8.5,9.17,sat,0.15,9.01
ldv-cat-0022.i.ite.gsa.smt2,19.7,21.64,unsat,0.16,21.47
ldv-cat-0022.i.ite.phi.smt2,7.2,7.65,unsat,0.1,7.55
ldv-cat-0022.i.noite.gsa.smt2,19.8,21.74,unsat,0.19,21.55
ldv-cat-0022.i.noite.phi.smt2,924.8,930.05,unknown,8.09,921.95
ldv-cat-0023.c.ite.gsa.smt2,4.3,5.21,sat,0.07,5.14
ldv-cat-0023.c.ite.phi.smt2,1.5,1.86,sat,0.03,1.83
ldv-cat-0023.c.noite.gsa.smt2,4.9,5.91,sat,0.07,5.83
ldv-cat-0023.c.noite.phi.smt2,185.2,196.14,sat,6.33,189.8
ldv-cat-0024.i.ite.gsa.smt2,8.9,11.82,unsat,0.85,10.97
ldv-cat-0024.i.ite.phi.smt2,9.6,12.4,unsat,1.17,11.23
ldv-cat-0024.i.noite.gsa.smt2,8.8,12.09,unsat,0.8,11.28
ldv-cat-0024.i.noite.phi.smt2,12.3,16.2,unsat,1.54,14.65
ldv-cat-0025.c.ite.gsa.smt2,,0.2,unsat,0.0,0.2
ldv-cat-0025.c.ite.phi.smt2,,0.21,unsat,0.0,0.2
ldv-cat-0025.c.noite.gsa.smt2,,0.2,unsat,0.0,0.2
ldv-cat-0025.c.noite.phi.smt2,,0.27,unsat,0.0,0.26
ldv-cat-0026.c.ite.gsa.smt2,233.4,267.44,unsat,9.05,258.38
ldv-cat-0026.c.ite.phi.smt2,176.2,209.29,unsat,8.6,200.68
ldv-cat-0026.c.noite.gsa.smt2,219.6,225.89,unsat,6.69,219.2
ldv-cat-0026.c.noite.phi.smt2,167.2,178.25,unsat,6.85,171.4
ldv-cat-0027.c.ite.gsa.smt2,15.0,16.3,sat,0.27,16.02
ldv-cat-0027.c.ite.phi.smt2,5.7,6.53,sat,0.15,6.38
ldv-cat-0027.c.noite.gsa.smt2,24.4,26.11,sat,0.47,25.63
ldv-cat-0027.c.noite.phi.smt2,105.9,111.85,sat,3.4,108.44
ldv-cat-0028.c.ite.gsa.smt2,736.1,930.01,unknown,1.18,928.82
ldv-cat-0028.c.ite.phi.smt2,96.5,110.88,unsat,0.5,110.38
ldv-cat-0028.c.noite.gsa.smt2,741.9,930.01,unknown,1.13,928.86
ldv-cat-0028.c.noite.phi.smt2,917.2,930.05,unknown,14.21,915.83
ldv-cat-0029.c.ite.gsa.smt2,46.0,47.69,unsat,0.65,47.04
ldv-cat-0029.c.ite.phi.smt2,145.6,149.15,unsat,2.21,146.93
ldv-cat-0029.c.noite.gsa.smt2,62.1,64.11,unsat,0.92,63.19
ldv-cat-0029.c.noite.phi.smt2,839.1,930.06,unknown,10.47,919.58
ldv-cat-0030.c.ite.gsa.smt2,,0.1,unknown,0.0,0.09
ldv-cat-0030.c.ite.phi.smt2,,0.07,unknown,0.0,0.07
ldv-cat-0030.c.noite.gsa.smt2,,0.07,unknown,0.0,0.07
ldv-cat-0030.c.noite.phi.smt2,,0.05,unknown,0.0,0.05
ldv-cat-0031.i.ite.gsa.smt2,49.9,50.66,sat,0.36,50.29
ldv-cat-0031.i.ite.phi.smt2,11.8,12.65,sat,0.23,12.41
ldv-cat-0031.i.noite.gsa.smt2,36.4,37.07,sat,0.31,36.75
ldv-cat-0031.i.noite.phi.smt2,662.4,668.2,sat,4.06,664.13
ldv-cat-0032.c.ite.gsa.smt2,3.6,4.23,sat,0.05,4.18
ldv-cat-0032.c.ite.phi.smt2,3.2,3.69,sat,0.07,3.62
ldv-cat-0032.c.noite.gsa.smt2,3.3,3.91,sat,0.08,3.83
ldv-cat-0032.c.noite.phi.smt2,921.4,930.07,unknown,7.76,922.3
ldv-cat-0033.c.ite.gsa.smt2,921.4,930.03,unknown,18.12,911.9
ldv-cat-0033.c.ite.phi.smt2,216.0,221.03,unsat,6.37,214.65
ldv-cat-0033.c.noite.gsa.smt2,921.6,930.02,unknown,14.87,915.14
ldv-cat-0033.c.noite.phi.smt2,890.7,930.2,unknown,45.11,885.08
ldv-cat-0034.i.ite.gsa.smt2,6.6,7.1,sat,0.12,6.98
ldv-cat-0034.i.ite.phi.smt2,6.4,6.93,sat,0.1,6.83
ldv-cat-0034.i.noite.gsa.smt2,7.1,7.67,sat,0.13,7.54
ldv-cat-0034.i.noite.phi.smt2,411.5,415.17,sat,4.06,411.1
ldv-cat-0035.c.ite.gsa.smt2,,0.14,unknown,0.0,0.13
ldv-cat-0035.c.ite.phi.smt2,,0.15,unknown,0.01,0.14
ldv-cat-0035.c.noite.gsa.smt2,,0.16,unknown,0.0,0.15
ldv-cat-0035.c.noite.phi.smt2,,0.1,unknown,0.0,0.09
ldv-cat-0036.c.ite.gsa.smt2,,0.16,unknown,0.0,0.15
ldv-cat-0036.c.ite.phi.smt2,,0.19,unknown,0.01,0.18
ldv-cat-0036.c.noite.gsa.smt2,,0.15,unknown,0.01,0.13
ldv-cat-0036.c.noite.phi.smt2,,0.14,unknown,0.0,0.13
ldv-cat-0037.c.ite.gsa.smt2,8.1,9.89,sat,0.26,9.62
ldv-cat-0037.c.ite.phi.smt2,7.6,8.75,sat,0.16,8.59
ldv-cat-0037.c.noite.gsa.smt2,20.7,22.25,sat,0.52,21.73
ldv-cat-0037.c.noite.phi.smt2,372.0,386.78,sat,10.37,376.4
ldv-cat-0038.c.ite.gsa.smt2,4.8,5.7,sat,0.1,5.59
ldv-cat-0038.c.ite.phi.smt2,7.5,8.05,sat,0.15,7.89
ldv-cat-0038.c.noite.gsa.smt2,4.9,5.62,sat,0.06,5.56
ldv-cat-0038.c.noite.phi.smt2,113.5,118.76,sat,2.54,116.22
ldv-cat-0039.c.ite.gsa.smt2,126.7,150.5,unsat,0.56,149.93
ldv-cat-0039.c.ite.phi.smt2,9.4,11.09,unsat,0.15,10.93
ldv-cat-0039.c.noite.gsa.smt2,131.8,155.57,unsat,0.59,154.97
ldv-cat-0039.c.noite.phi.smt2,218.0,232.7,unsat,8.86,223.84
ldv-cat-0040.c.ite.gsa.smt2,,0.11,unknown,0.0,0.1
ldv-cat-0040.c.ite.phi.smt2,,0.3,unknown,0.01,0.28
ldv-cat-0040.c.noite.gsa.smt2,,0.13,unknown,0.01,0.12
ldv-cat-0040.c.noite.phi.smt2,,0.09,unknown,0.0,0.09
ldv-cat-0041.c.ite.gsa.smt2,,0.13,unknown,0.0,0.12
ldv-cat-0041.c.ite.phi.smt2,,0.13,unknown,0.0,0.13
ldv-cat-0041.c.noite.gsa.smt2,,0.13,unknown,0.0,0.13
ldv-cat-0041.c.noite.phi.smt2,,0.14,unknown,0.0,0.14
ldv-cat-0042.c.ite.gsa.smt2,6.4,7.37,sat,0.18,7.19
ldv-cat-0042.c.ite.phi.smt2,7.2,7.87,sat,0.09,7.78
ldv-cat-0042.c.noite.gsa.smt2,6.5,7.38,sat,0.14,7.23
ldv-cat-0042.c.noite.phi.smt2,285.4,295.21,sat,7.05,288.15
ldv-cat-0043.c.ite.gsa.smt2,10.4,12.05,sat,0.23,11.82
ldv-cat-0043.c.ite.phi.smt2,9.8,11.68,sat,0.16,11.51
ldv-cat-0043.c.noite.gsa.smt2,10.4,12.0,sat,0.22,11.78
ldv-cat-0043.c.noite.phi.smt2,19.9,23.84,sat,0.63,23.2
ldv-cat-0044.c.ite.gsa.smt2,,0.49,unknown,0.01,0.47
ldv-cat-0044.c.ite.phi.smt2,,0.37,unknown,0.01,0.35
ldv-cat-0044.c.noite.gsa.smt2,,0.45,unknown,0.03,0.41
ldv-cat-0044.c.noite.phi.smt2,,0.22,unknown,0.01,0.21
ldv-cat-0045.c.ite.gsa.smt2,20.8,25.11,unsat,0.72,24.38
ldv-cat-0045.c.ite.phi.smt2,9.3,12.52,unsat,0.5,12.01
ldv-cat-0045.c.noite.gsa.smt2,20.6,24.72,unsat,0.79,23.92
ldv-cat-0045.c.noite.phi.smt2,18.3,25.31,unsat,2.95,22.35
ldv-cat-0046.i.ite.gsa.smt2,3.9,4.25,sat,0.06,4.18
ldv-cat-0046.i.ite.phi.smt2,4.6,4.99,sat,0.11,4.88
ldv-cat-0046.i.noite.gsa.smt2,4.3,4.72,sat,0.05,4.66
ldv-cat-0046.i.noite.phi.smt2,924.3,930.05,unknown,8.05,921.98
ldv-cat-0047.c.ite.gsa.smt2,434.2,521.83,unsat,44.43,477.39
ldv-cat-0047.c.ite.phi.smt2,47.1,62.22,unsat,6.41,55.8
ldv-cat-0047.c.noite.gsa.smt2,476.7,573.73,unsat,51.19,522.53
ldv-cat-0047.c.noite.phi.smt2,841.0,930.45,unknown,68.45,861.98
ldv-cat-0048.c.ite.gsa.smt2,25.2,31.75,unsat,1.16,30.58
ldv-cat-0048.c.ite.phi.smt2,18.4,24.53,unsat,0.4,24.12
ldv-cat-0048.c.noite.gsa.smt2,25.5,32.67,unsat,1.04,31.62
ldv-cat-0048.c.noite.phi.smt2,749.4,930.11,unknown,20.58,909.52
ldv-cat-0049.c.ite.gsa.smt2,,0.23,unknown,0.01,0.22
ldv-cat-0049.c.ite.phi.smt2,,0.21,unknown,0.01,0.2
ldv-cat-0049.c.noite.gsa.smt2,,0.32,unknown,0.0,0.32
ldv-cat-0049.c.noite.phi.smt2,,0.26,unknown,0.01,0.24
ldv-cat-0050.i.ite.gsa.smt2,15.2,16.92,sat,0.24,16.67
ldv-cat-0050.i.ite.phi.smt2,11.5,12.79,sat,0.29,12.5
ldv-cat-0050.i.noite.gsa.smt2,11.3,12.55,sat,0.26,12.28
ldv-cat-0050.i.noite.phi.smt2,729.7,737.0,sat,5.63,731.36
ldv-cat-0051.i.ite.gsa.smt2,7.0,8.22,sat,0.14,8.08
ldv-cat-0051.i.ite.phi.smt2,6.1,7.24,sat,0.1,7.13
ldv-cat-0051.i.noite.gsa.smt2,6.3,7.38,sat,0.11,7.26
ldv-cat-0051.i.noite.phi.smt2,918.4,930.08,unknown,24.17,905.89
ldv-cat-0052.c.ite.gsa.smt2,6.1,8.06,sat,0.15,7.9
ldv-cat-0052.c.ite.phi.smt2,5.9,7.53,sat,0.19,7.34
ldv-cat-0052.c.noite.gsa.smt2,9.0,11.02,sat,0.16,10.85
ldv-cat-0052.c.noite.phi.smt2,231.8,245.59,sat,7.24,238.34
ldv-cat-0053.c.ite.gsa.smt2,,0.18,unknown,0.0,0.18
ldv-cat-0053.c.ite.phi.smt2,,0.17,unknown,0.01,0.15
ldv-cat-0053.c.noite.gsa.smt2,,0.22,unknown,0.01,0.21
ldv-cat-0053.c.noite.phi.smt2,,0.08,unknown,0.0,0.07
ldv-cat-0054.c.ite.gsa.smt2,,0.3,unknown,0.01,0.28
ldv-cat-0054.c.ite.phi.smt2,,0.1,unknown,0.0,0.09
ldv-cat-0054.c.noite.gsa.smt2,,0.26,unknown,0.0,0.25
ldv-cat-0054.c.noite.phi.smt2,,0.07,unknown,0.0,0.06
ldv-cat-0055.c.ite.gsa.smt2,61.7,63.89,sat,0.84,63.04
ldv-cat-0055.c.ite.phi.smt2,52.5,54.49,sat,0.68,53.81
ldv-cat-0055.c.noite.gsa.smt2,64.6,66.7,sat,0.75,65.94
ldv-cat-0055.c.noite.phi.smt2,918.7,930.09,unknown,23.37,906.71
ldv-cat-0056.c.ite.gsa.smt2,,0.07,unknown,0.0,0.07
ldv-cat-0056.c.ite.phi.smt2,,0.1,unknown,0.0,0.09
ldv-cat-0056.c.noite.gsa.smt2,,0.07,unknown,0.01,0.06
ldv-cat-0056.c.noite.phi.smt2,,0.04,unknown,0.0,0.04
ldv-cat-0057.i.ite.gsa.smt2,20.4,21.48,sat,0.24,21.24
ldv-cat-0057.i.ite.phi.smt2,47.7,48.95,sat,0.51,48.43
ldv-cat-0057.i.noite.gsa.smt2,26.9,28.51,sat,0.23,28.28
ldv-cat-0057.i.noite.phi.smt2,914.1,930.11,unknown,21.65,908.45
ldv-cat-0058.c.ite.gsa.smt2,880.6,930.08,unknown,43.03,887.03
ldv-cat-0058.c.ite.phi.smt2,880.4,930.09,unknown,36.29,893.79
ldv-cat-0058.c.noite.gsa.smt2,882.8,930.08,unknown,41.11,888.96
ldv-cat-0058.c.noite.phi.smt2,868.4,930.42,unknown,70.49,859.91
ldv-cat-0059.c.ite.gsa.smt2,,0.58,unknown,0.01,0.57
ldv-cat-0059.c.ite.phi.smt2,,0.74,unknown,0.03,0.7
ldv-cat-0059.c.noite.gsa.smt2,,0.57,unknown,0.03,0.54
ldv-cat-0059.c.noite.phi.smt2,,0.35,unknown,0.01,0.33
ldv-cat-0060.c.ite.gsa.smt2,694.7,930.06,unknown,129.15,800.89
ldv-cat-0060.c.ite.phi.smt2,756.4,930.07,unknown,96.6,833.44
ldv-cat-0060.c.noite.gsa.smt2,692.6,930.09,unknown,129.21,800.85
ldv-cat-0060.c.noite.phi.smt2,293.0,314.42,unsat,25.7,288.72
ldv-cat-0061.c.ite.gsa.smt2,,0.07,unknown,0.0,0.06
ldv-cat-0061.c.ite.phi.smt2,,0.12,unknown,0.0,0.11
ldv-cat-0061.c.noite.gsa.smt2,,0.06,unknown,0.0,0.05
ldv-cat-0061.c.noite.phi.smt2,,0.03,unknown,0.0,0.02
ldv-cat-0062.c.ite.gsa.smt2,10.7,13.48,unsat,0.2,13.28
ldv-cat-0062.c.ite.phi.smt2,7.6,10.43,unsat,0.25,10.17
ldv-cat-0062.c.noite.gsa.smt2,10.6,13.5,unsat,0.23,13.26
ldv-cat-0062.c.noite.phi.smt2,8.7,11.55,unsat,0.36,11.19
ldv-cat-0063.c.ite.gsa.smt2,,0.04,unknown,0.0,0.04
ldv-cat-0063.c.ite.phi.smt2,,0.03,unknown,0.0,0.03
ldv-cat-0063.c.noite.gsa.smt2,,0.03,unknown,0.0,0.03
ldv-cat-0063.c.noite.phi.smt2,,0.02,unknown,0.0,0.02
ldv-cat-0064.i.ite.gsa.smt2,923.3,930.02,unknown,6.94,923.08
ldv-cat-0064.i.ite.phi.smt2,923.2,930.03,unknown,6.49,923.53
ldv-cat-0064.i.noite.gsa.smt2,857.9,930.03,unknown,10.19,919.83
ldv-cat-0064.i.noite.phi.smt2,910.8,930.13,unknown,16.81,913.31
ldv-cat-0065.c.ite.gsa.smt2,93.2,124.04,unsat,1.05,122.98
ldv-cat-0065.c.ite.phi.smt2,45.5,56.46,unsat,1.06,55.4
ldv-cat-0065.c.noite.gsa.smt2,67.0,84.14,unsat,1.32,82.82
ldv-cat-0065.c.noite.phi.smt2,468.2,586.32,unsat,73.04,513.26
ldv-cat-0066.c.ite.gsa.smt2,,0.13,unknown,0.0,0.13
ldv-cat-0066.c.ite.phi.smt2,,0.09,unknown,0.0,0.09
ldv-cat-0066.c.noite.gsa.smt2,,0.13,unknown,0.0,0.13
ldv-cat-0066.c.noite.phi.smt2,,0.07,unknown,0.0,0.07
ldv-cat-0067.i.ite.gsa.smt2,142.4,145.0,sat,1.66,143.33
ldv-cat-0067.i.ite.phi.smt2,11.8,13.27,sat,0.26,13.0
ldv-cat-0067.i.noite.gsa.smt2,81.6,83.33,sat,1.11,82.21
ldv-cat-0067.i.noite.phi.smt2,896.9,930.27,unknown,35.8,894.46
ldv-cat-0068.c.ite.gsa.smt2,,1.25,unknown,0.07,1.18
ldv-cat-0068.c.ite.phi.smt2,,1.2,unknown,0.04,1.16
ldv-cat-0068.c.noite.gsa.smt2,,1.35,unknown,0.04,1.31
ldv-cat-0068.c.noite.phi.smt2,,0.79,unknown,0.03,0.75
ldv-cat-0069.c.ite.gsa.smt2,405.6,415.21,sat,8.42,406.78
ldv-cat-0069.c.ite.phi.smt2,24.6,29.94,sat,2.41,27.53
ldv-cat-0069.c.noite.gsa.smt2,264.0,271.83,sat,4.55,267.27
ldv-cat-0069.c.noite.phi.smt2,886.8,930.27,unknown,35.43,894.83
ldv-cat-0070.c.ite.gsa.smt2,124.8,454.87,sat,3.18,451.68
ldv-cat-0070.c.ite.phi.smt2,24.2,26.53,sat,0.54,25.99
ldv-cat-0070.c.noite.gsa.smt2,164.6,479.59,sat,2.96,476.62
ldv-cat-0070.c.noite.phi.smt2,904.1,930.17,unknown,32.77,897.4
ldv-cat-0071.c.ite.gsa.smt2,,0.11,unknown,0.0,0.1
ldv-cat-0071.c.ite.phi.smt2,,0.08,unknown,0.0,0.08
ldv-cat-0071.c.noite.gsa.smt2,,0.11,unknown,0.0,0.11
ldv-cat-0071.c.noite.phi.smt2,,0.08,unknown,0.0,0.08
ldv-cat-0072.c.ite.gsa.smt2,,0.54,unknown,0.02,0.52
ldv-cat-0072.c.ite.phi.smt2,,0.45,unknown,0.02,0.42
ldv-cat-0072.c.noite.gsa.smt2,,0.55,unknown,0.02,0.52
ldv-cat-0072.c.noite.phi.smt2,,0.27,unknown,0.02,0.25
ldv-cat-0073.c.ite.gsa.smt2,,0.2,unknown,0.01,0.19
ldv-cat-0073.c.ite.phi.smt2,,0.24,unknown,0.01,0.22
ldv-cat-0073.c.noite.gsa.smt2,,0.19,unknown,0.0,0.19
ldv-cat-0073.c.noite.phi.smt2,,0.24,unknown,0.01,0.22
ldv-cat-0074.c.ite.gsa.smt2,,0.64,unknown,0.01,0.63
ldv-cat-0074.c.ite.phi.smt2,,0.63,unknown,0.01,0.62
ldv-cat-0074.c.noite.gsa.smt2,,0.97,unknown,0.03,0.93
ldv-cat-0074.c.noite.phi.smt2,,0.51,unknown,0.03,0.48
ldv-cat-0075.c.ite.gsa.smt2,677.1,930.05,unknown,17.52,912.51
ldv-cat-0075.c.ite.phi.smt2,737.5,930.06,unknown,14.14,915.91
ldv-cat-0075.c.noite.gsa.smt2,512.0,930.05,unknown,15.29,914.76
ldv-cat-0075.c.noite.phi.smt2,630.2,930.11,unknown,36.82,893.28
ldv-cat-0076.c.ite.gsa.smt2,30.3,39.73,sat,4.07,35.66
ldv-cat-0076.c.ite.phi.smt2,27.1,34.77,sat,3.43,31.33
ldv-cat-0076.c.noite.gsa.smt2,36.2,43.72,sat,3.38,40.34
ldv-cat-0076.c.noite.phi.smt2,544.9,581.21,sat,25.39,555.81
ldv-cat-0077.c.ite.gsa.smt2,911.9,930.03,unknown,7.86,922.15
ldv-cat-0077.c.ite.phi.smt2,885.2,930.03,unknown,8.6,921.42
ldv-cat-0077.c.noite.gsa.smt2,912.7,930.04,unknown,7.72,922.29
ldv-cat-0077.c.noite.phi.smt2,161.2,930.14,unknown,36.21,893.92
ldv-cat-0078.c.ite.gsa.smt2,117.7,337.1,sat,1.82,335.26
ldv-cat-0078.c.ite.phi.smt2,6.2,6.89,sat,0.16,6.73
ldv-cat-0078.c.noite.gsa.smt2,100.0,234.15,sat,1.4,232.74
ldv-cat-0078.c.noite.phi.smt2,246.8,255.7,sat,3.57,252.12
ldv-cat-0079.c.ite.gsa.smt2,261.2,272.01,sat,3.69,268.31
ldv-cat-0079.c.ite.phi.smt2,918.1,930.02,unknown,4.06,925.95
ldv-cat-0079.c.noite.gsa.smt2,248.5,259.96,sat,2.97,256.97
ldv-cat-0079.c.noite.phi.smt2,915.8,930.11,unknown,24.21,905.88
ldv-cat-0080.c.ite.gsa.smt2,915.5,930.09,unknown,31.68,898.39
ldv-cat-0080.c.ite.phi.smt2,913.5,930.07,unknown,22.28,907.78
ldv-cat-0080.c.noite.gsa.smt2,912.0,930.08,unknown,32.13,897.94
ldv-cat-0080.c.noite.phi.smt2,905.6,930.15,unknown,42.41,887.72
ldv-cat-0081.c.ite.gsa.smt2,905.5,930.03,unknown,9.19,920.82
ldv-cat-0081.c.ite.phi.smt2,886.0,930.03,unknown,6.01,924.01
ldv-cat-0081.c.noite.gsa.smt2,907.3,930.03,unknown,7.9,922.11
ldv-cat-0081.c.noite.phi.smt2,916.1,930.1,unknown,22.4,907.69
ldv-cat-0082.c.ite.gsa.smt2,858.2,930.04,unknown,4.39,925.63
ldv-cat-0082.c.ite.phi.smt2,449.9,520.64,unsat,3.65,516.97
ldv-cat-0082.c.noite.gsa.smt2,0.0,0.0,sat,0.0,0.0
ldv-cat-0082.c.noite.phi.smt2,835.3,930.79,unknown,71.19,859.58
ldv-cat-0083.c.ite.gsa.smt2,0.0,0.0,sat,0.0,0.0
ldv-cat-0083.c.ite.phi.smt2,0.0,0.0,sat,0.0,0.0
ldv-cat-0083.c.noite.gsa.smt2,0.0,0.0,sat,0.0,0.0
ldv-cat-0083.c.noite.phi.smt2,0.0,0.0,sat,0.0,0.0
ldv-cat-0084.c.ite.gsa.smt2,0.0,0.0,sat,0.0,0.0
ldv-cat-0084.c.ite.phi.smt2,0.0,0.0,sat,0.0,0.0
ldv-cat-0084.c.noite.gsa.smt2,0.0,0.0,sat,0.0,0.0
ldv-cat-0084.c.noite.phi.smt2,0.0,0.0,sat,0.0,0.0
ldv-cat-0085.c.ite.gsa.smt2,0.0,0.0,sat,0.0,0.0
ldv-cat-0085.c.ite.phi.smt2,896.9,930.16,unknown,76.01,854.14
ldv-cat-0085.c.noite.gsa.smt2,0.0,0.0,sat,0.0,0.0
ldv-cat-0085.c.noite.phi.smt2,890.5,930.35,unknown,112.69,817.64
ldv-cat-0086.c.ite.gsa.smt2,39.9,48.41,sat,4.21,44.19
ldv-cat-0086.c.ite.phi.smt2,38.9,47.08,sat,4.03,43.04
ldv-cat-0086.c.noite.gsa.smt2,41.4,49.94,sat,4.32,45.62
ldv-cat-0086.c.noite.phi.smt2,892.7,930.15,unknown,45.22,884.91
ldv-cat-0087.c.ite.gsa.smt2,0.0,0.0,sat,0.0,0.0
ldv-cat-0087.c.ite.phi.smt2,0.0,0.0,sat,0.0,0.0
ldv-cat-0087.c.noite.gsa.smt2,0.0,0.0,sat,0.0,0.0
ldv-cat-0087.c.noite.phi.smt2,0.0,0.0,sat,0.0,0.0
ldv-cat-0088.c.ite.gsa.smt2,,1.0,unknown,0.03,0.96
ldv-cat-0088.c.ite.phi.smt2,,1.12,unknown,0.02,1.09
ldv-cat-0088.c.noite.gsa.smt2,,1.08,unknown,0.02,1.05
ldv-cat-0088.c.noite.phi.smt2,,0.45,unknown,0.03,0.42
ldv-cat-0089.c.ite.gsa.smt2,,0.61,unknown,0.02,0.58
ldv-cat-0089.c.ite.phi.smt2,,1.25,unknown,0.03,1.22
ldv-cat-0089.c.noite.gsa.smt2,,0.56,unknown,0.02,0.53
ldv-cat-0089.c.noite.phi.smt2,,0.23,unknown,0.0,0.22
ldv-cat-0090.c.ite.gsa.smt2,62.1,68.15,sat,1.47,66.68
ldv-cat-0090.c.ite.phi.smt2,75.8,81.55,sat,1.35,80.19
ldv-cat-0090.c.noite.gsa.smt2,0.0,0.0,sat,0.0,0.0
ldv-cat-0090.c.noite.phi.smt2,58.8,66.92,sat,2.46,64.45
ldv-cat-0091.c.ite.gsa.smt2,919.3,930.04,unknown,10.87,919.15
ldv-cat-0091.c.ite.phi.smt2,169.2,175.53,sat,3.65,171.87
ldv-cat-0091.c.noite.gsa.smt2,919.2,930.05,unknown,8.72,921.31
ldv-cat-0091.c.noite.phi.smt2,172.7,176.13,sat,4.26,171.86
ldv-cat-0092.c.ite.gsa.smt2,6.8,8.24,sat,0.14,8.09
ldv-cat-0092.c.ite.phi.smt2,12.9,14.03,sat,0.19,13.84
ldv-cat-0092.c.noite.gsa.smt2,6.8,7.82,sat,0.11,7.7
ldv-cat-0092.c.noite.phi.smt2,491.3,504.69,sat,8.94,495.74
ldv-cat-0093.c.ite.gsa.smt2,12.7,19.68,sat,1.19,18.49
ldv-cat-0093.c.ite.phi.smt2,22.2,27.46,sat,2.02,25.44
ldv-cat-0093.c.noite.gsa.smt2,20.5,26.85,sat,1.52,25.32
ldv-cat-0093.c.noite.phi.smt2,83.5,101.39,sat,8.69,92.69
ldv-cat-0094.c.ite.gsa.smt2,0.0,0.0,sat,0.0,0.0
ldv-cat-0094.c.ite.phi.smt2,121.8,930.07,unknown,22.81,907.25
ldv-cat-0094.c.noite.gsa.smt2,0.0,0.0,sat,0.0,0.0
ldv-cat-0094.c.noite.phi.smt2,176.4,930.11,unknown,41.01,889.09
ldv-cat-0095.c.ite.gsa.smt2,0.0,0.0,sat,0.0,0.0
ldv-cat-0095.c.ite.phi.smt2,75.4,930.08,unknown,22.48,907.58
ldv-cat-0095.c.noite.gsa.smt2,0.0,0.0,sat,0.0,0.0
ldv-cat-0095.c.noite.phi.smt2,366.8,930.1,unknown,54.26,875.83
ldv-cat-0096.i.ite.gsa.smt2,138.5,144.02,unsat,4.0,140.02
ldv-cat-0096.i.ite.phi.smt2,68.1,71.86,unsat,1.75,70.11
ldv-cat-0096.i.noite.gsa.smt2,131.4,136.44,unsat,3.12,133.31
ldv-cat-0096.i.noite.phi.smt2,163.0,183.38,unsat,11.9,171.47
ldv-cat-0097.i.ite.gsa.smt2,916.4,930.04,unknown,7.06,922.96
ldv-cat-0097.i.ite.phi.smt2,919.3,930.03,unknown,6.59,923.43
ldv-cat-0097.i.noite.gsa.smt2,916.6,930.06,unknown,8.17,921.87
ldv-cat-0097.i.noite.phi.smt2,892.5,930.29,unknown,39.91,890.37
ldv-cat-0098.i.ite.phi.smt2,804.3,844.42,sat,51.83,792.58
ldv-cat-0098.i.noite.phi.smt2,625.2,930.27,unknown,79.07,851.19
